Time,Position ,Delta,366,Velocity,,Velocity_tick/ms,Velcoity_rad/s,Velocity_rpm,V_max,Linearized
0,0,0,,0,,0,0,0,281.25,0
1,1,1,,5.083333333,,1,24.54369261,3.90625,63.2% vmax,0.013985741
2,4,3,,15.25,,3,73.63107782,11.71875,177.75,0.042558069
3,10,6,,30.5,,6,147.2621556,23.4375,time (ms),0.087008145
4,19,9,,45.75,,9,220.8932335,35.15625,19.5,0.133526313
5,31,12,,61,,12,294.5243113,46.875,0.0195,0.182314446
6,46,15,,76.25,,15,368.1553891,58.59375,,0.233605495
7,65,19,,96.58333333,,19,466.3301595,74.21875,,0.30636146
8,87,22,,111.8333333,,22,539.9612373,85.9375,,0.36462747
9,112,25,,127.0833333,,25,613.5923152,97.65625,,0.426499606
10,138,26,,132.1666667,,26,638.1360078,101.5625,,0.448004627
11,167,29,,147.4166667,,29,711.7670856,113.28125,,0.515442025
12,198,31,,157.5833333,,31,760.8544708,121.09375,,0.56306717
13,231,33,,167.75,,33,809.941856,128.90625,,0.613074389
14,266,35,,177.9166667,,35,859.0292412,136.71875,,0.665714574
15,303,37,,188.0833333,,37,908.1166264,144.53125,,0.721280472
16,341,38,,193.1666667,,38,932.660319,148.4375,,0.750265858
17,381,40,,203.3333333,,40,981.7477042,156.25,,0.810885774
18,423,42,,213.5,,42,1030.835089,164.0625,,0.875418963
19,466,43,,218.5833333,,43,1055.378782,167.96875,,0.909317572
20,511,45,,228.75,,45,1104.466167,175.78125,,0.980769998
21,556,45,,228.75,,45,1104.466167,175.78125,,0.980769998
22,603,47,,238.9166667,,47,1153.553552,183.59375,,1.057723454
23,651,48,,244,,48,1178.097245,187.5,,1.098541183
24,701,50,,254.1666667,,50,1227.18463,195.3125,,1.185542864
25,751,50,,254.1666667,,50,1227.18463,195.3125,,1.185542864
26,802,51,,259.25,,51,1251.728323,199.21875,,1.232057339
27,854,52,,264.3333333,,52,1276.272016,203.125,,1.280841409
28,907,53,,269.4166667,,53,1300.815708,207.03125,,1.332127967
29,960,53,,269.4166667,,53,1300.815708,207.03125,,1.332127967
30,1015,55,,279.5833333,,55,1349.903093,214.84375,,1.443337753
31,1071,56,,284.6666667,,56,1374.446786,218.75,,1.503952964
32,1127,56,,284.6666667,,56,1374.446786,218.75,,1.503952964
33,1184,57,,289.75,,57,1398.990479,222.65625,,1.568480821
34,1241,57,,289.75,,57,1398.990479,222.65625,,1.568480821
35,1299,58,,294.8333333,,58,1423.534171,226.5625,,1.637461504
36,1358,59,,299.9166667,,59,1448.077864,230.46875,,1.711555413
37,1417,59,,299.9166667,,59,1448.077864,230.46875,,1.711555413
38,1476,59,,299.9166667,,59,1448.077864,230.46875,,1.711555413
39,1536,60,,305,,60,1472.621556,234.375,,1.791581714
40,1596,60,,305,,60,1472.621556,234.375,,1.791581714
41,1657,61,,310.0833333,,61,1497.165249,238.28125,,1.878573701
42,1718,61,,310.0833333,,61,1497.165249,238.28125,,1.878573701
43,1780,62,,315.1666667,,62,1521.708942,242.1875,,1.973860614
44,1841,61,,310.0833333,,61,1497.165249,238.28125,,1.878573701
45,1904,63,,320.25,,63,1546.252634,246.09375,,2.079192693
46,1966,62,,315.1666667,,62,1521.708942,242.1875,,1.973860614
47,2030,64,,325.3333333,,64,1570.796327,250,,2.196940183
48,2093,63,,320.25,,63,1546.252634,246.09375,,2.079192693
49,2158,65,,330.4166667,,65,1595.340019,253.90625,,2.330425877
50,2222,64,,325.3333333,,64,1570.796327,250,,2.196940183
51,2287,65,,330.4166667,,65,1595.340019,253.90625,,2.330425877
52,2352,65,,330.4166667,,65,1595.340019,253.90625,,2.330425877
53,2417,65,,330.4166667,,65,1595.340019,253.90625,,2.330425877
54,2482,65,,330.4166667,,65,1595.340019,253.90625,,2.330425877
55,2548,66,,335.5,,66,1619.883712,257.8125,,2.484515629
56,2613,65,,330.4166667,,65,1595.340019,253.90625,,2.330425877
57,2679,66,,335.5,,66,1619.883712,257.8125,,2.484515629
58,2745,66,,335.5,,66,1619.883712,257.8125,,2.484515629
59,2811,66,,335.5,,66,1619.883712,257.8125,,2.484515629
60,2877,66,,335.5,,66,1619.883712,257.8125,,2.484515629
61,2944,67,,340.5833333,,67,1644.427405,261.71875,,2.666751893
62,3011,67,,340.5833333,,67,1644.427405,261.71875,,2.666751893
63,3078,67,,340.5833333,,67,1644.427405,261.71875,,2.666751893
64,3146,68,,345.6666667,,68,1668.971097,265.625,,2.889767518
65,3213,67,,340.5833333,,67,1644.427405,261.71875,,2.666751893
66,3281,68,,345.6666667,,68,1668.971097,265.625,,2.889767518
67,3349,68,,345.6666667,,68,1668.971097,265.625,,2.889767518
68,3417,68,,345.6666667,,68,1668.971097,265.625,,2.889767518
69,3485,68,,345.6666667,,68,1668.971097,265.625,,2.889767518
70,3553,68,,345.6666667,,68,1668.971097,265.625,,2.889767518
71,3621,68,,345.6666667,,68,1668.971097,265.625,,2.889767518
72,3689,68,,345.6666667,,68,1668.971097,265.625,,2.889767518
73,3757,68,,345.6666667,,68,1668.971097,265.625,,2.889767518
74,3825,68,,345.6666667,,68,1668.971097,265.625,,2.889767518
75,3893,68,,345.6666667,,68,1668.971097,265.625,,2.889767518
76,3961,68,,345.6666667,,68,1668.971097,265.625,,2.889767518
77,4030,69,,350.75,,69,1693.51479,269.53125,,3.177236416
78,4099,69,,350.75,,69,1693.51479,269.53125,,3.177236416
79,4168,69,,350.75,,69,1693.51479,269.53125,,3.177236416
80,4237,69,,350.75,,69,1693.51479,269.53125,,3.177236416
81,4307,70,,355.8333333,,70,1718.058482,273.4375,,3.582275312
82,4376,69,,350.75,,69,1693.51479,269.53125,,3.177236416
83,4445,69,,350.75,,69,1693.51479,269.53125,,3.177236416
84,4514,69,,350.75,,69,1693.51479,269.53125,,3.177236416
85,4583,69,,350.75,,69,1693.51479,269.53125,,3.177236416
86,4652,69,,350.75,,69,1693.51479,269.53125,,3.177236416
87,4722,70,,355.8333333,,70,1718.058482,273.4375,,3.582275312
88,4791,69,,350.75,,69,1693.51479,269.53125,,3.177236416
89,4860,69,,350.75,,69,1693.51479,269.53125,,3.177236416
90,4929,69,,350.75,,69,1693.51479,269.53125,,3.177236416
91,4998,69,,350.75,,69,1693.51479,269.53125,,3.177236416
92,5068,70,,355.8333333,,70,1718.058482,273.4375,,3.582275312
93,5137,69,,350.75,,69,1693.51479,269.53125,,3.177236416
94,5208,71,,360.9166667,,71,1742.602175,277.34375,,4.274144945
95,5278,70,,355.8333333,,70,1718.058482,273.4375,,3.582275312
96,5348,70,,355.8333333,,70,1718.058482,273.4375,,3.582275312
97,5418,70,,355.8333333,,70,1718.058482,273.4375,,3.582275312
98,5487,69,,350.75,,69,1693.51479,269.53125,,3.177236416
99,5557,70,,355.8333333,,70,1718.058482,273.4375,,3.582275312
100,5627,70,,355.8333333,,70,1718.058482,273.4375,,3.582275312
101,5697,70,,355.8333333,,70,1718.058482,273.4375,,3.582275312
102,5767,70,,355.8333333,,70,1718.058482,273.4375,,3.582275312
103,5836,69,,350.75,,69,1693.51479,269.53125,,3.177236416
104,5906,70,,355.8333333,,70,1718.058482,273.4375,,3.582275312
105,5975,69,,350.75,,69,1693.51479,269.53125,,3.177236416
106,6045,70,,355.8333333,,70,1718.058482,273.4375,,3.582275312
107,6115,70,,355.8333333,,70,1718.058482,273.4375,,3.582275312
108,6185,70,,355.8333333,,70,1718.058482,273.4375,,3.582275312
109,6256,71,,360.9166667,,71,1742.602175,277.34375,,4.274144945
110,6326,70,,355.8333333,,70,1718.058482,273.4375,,3.582275312
111,6396,70,,355.8333333,,70,1718.058482,273.4375,,3.582275312
112,6467,71,,360.9166667,,71,1742.602175,277.34375,,4.274144945
113,6537,70,,355.8333333,,70,1718.058482,273.4375,,3.582275312
114,6607,70,,355.8333333,,70,1718.058482,273.4375,,3.582275312
115,6677,70,,355.8333333,,70,1718.058482,273.4375,,3.582275312
116,6747,70,,355.8333333,,70,1718.058482,273.4375,,3.582275312
117,6817,70,,355.8333333,,70,1718.058482,273.4375,,3.582275312
118,6887,70,,355.8333333,,70,1718.058482,273.4375,,3.582275312
119,6957,70,,355.8333333,,70,1718.058482,273.4375,,3.582275312
120,7027,70,,355.8333333,,70,1718.058482,273.4375,,3.582275312
121,7097,70,,355.8333333,,70,1718.058482,273.4375,,3.582275312
122,7167,70,,355.8333333,,70,1718.058482,273.4375,,3.582275312
123,7237,70,,355.8333333,,70,1718.058482,273.4375,,3.582275312
124,7308,71,,360.9166667,,71,1742.602175,277.34375,,4.274144945
125,7379,71,,360.9166667,,71,1742.602175,277.34375,,4.274144945
126,7449,70,,355.8333333,,70,1718.058482,273.4375,,3.582275312
127,7520,71,,360.9166667,,71,1742.602175,277.34375,,4.274144945
128,7590,70,,355.8333333,,70,1718.058482,273.4375,,3.582275312
129,7660,70,,355.8333333,,70,1718.058482,273.4375,,3.582275312
130,7730,70,,355.8333333,,70,1718.058482,273.4375,,3.582275312
131,7801,71,,360.9166667,,71,1742.602175,277.34375,,4.274144945
132,7871,70,,355.8333333,,70,1718.058482,273.4375,,3.582275312
133,7940,69,,350.75,,69,1693.51479,269.53125,,3.177236416
134,8011,71,,360.9166667,,71,1742.602175,277.34375,,4.274144945
135,8081,70,,355.8333333,,70,1718.058482,273.4375,,3.582275312
136,8151,70,,355.8333333,,70,1718.058482,273.4375,,3.582275312
137,8221,70,,355.8333333,,70,1718.058482,273.4375,,3.582275312
138,8292,71,,360.9166667,,71,1742.602175,277.34375,,4.274144945
139,8363,71,,360.9166667,,71,1742.602175,277.34375,,4.274144945
140,8434,71,,360.9166667,,71,1742.602175,277.34375,,4.274144945
141,8504,70,,355.8333333,,70,1718.058482,273.4375,,3.582275312
142,8574,70,,355.8333333,,70,1718.058482,273.4375,,3.582275312
143,8645,71,,360.9166667,,71,1742.602175,277.34375,,4.274144945
144,8715,70,,355.8333333,,70,1718.058482,273.4375,,3.582275312
145,8785,70,,355.8333333,,70,1718.058482,273.4375,,3.582275312
146,8856,71,,360.9166667,,71,1742.602175,277.34375,,4.274144945
147,8926,70,,355.8333333,,70,1718.058482,273.4375,,3.582275312
148,8996,70,,355.8333333,,70,1718.058482,273.4375,,3.582275312
149,9066,70,,355.8333333,,70,1718.058482,273.4375,,3.582275312
150,9136,70,,355.8333333,,70,1718.058482,273.4375,,3.582275312
151,9206,70,,355.8333333,,70,1718.058482,273.4375,,3.582275312
152,9277,71,,360.9166667,,71,1742.602175,277.34375,,4.274144945
153,9348,71,,360.9166667,,71,1742.602175,277.34375,,4.274144945
154,9419,71,,360.9166667,,71,1742.602175,277.34375,,4.274144945
155,9489,70,,355.8333333,,70,1718.058482,273.4375,,3.582275312
156,9560,71,,360.9166667,,71,1742.602175,277.34375,,4.274144945
157,9630,70,,355.8333333,,70,1718.058482,273.4375,,3.582275312
158,9701,71,,360.9166667,,71,1742.602175,277.34375,,4.274144945
159,9771,70,,355.8333333,,70,1718.058482,273.4375,,3.582275312
160,9841,70,,355.8333333,,70,1718.058482,273.4375,,3.582275312
161,9912,71,,360.9166667,,71,1742.602175,277.34375,,4.274144945
162,9982,70,,355.8333333,,70,1718.058482,273.4375,,3.582275312
163,10052,70,,355.8333333,,70,1718.058482,273.4375,,3.582275312
164,10122,70,,355.8333333,,70,1718.058482,273.4375,,3.582275312
165,10192,70,,355.8333333,,70,1718.058482,273.4375,,3.582275312
166,10263,71,,360.9166667,,71,1742.602175,277.34375,,4.274144945
167,10334,71,,360.9166667,,71,1742.602175,277.34375,,4.274144945
168,10405,71,,360.9166667,,71,1742.602175,277.34375,,4.274144945
169,10476,71,,360.9166667,,71,1742.602175,277.34375,,4.274144945
170,10546,70,,355.8333333,,70,1718.058482,273.4375,,3.582275312
171,10616,70,,355.8333333,,70,1718.058482,273.4375,,3.582275312
172,10687,71,,360.9166667,,71,1742.602175,277.34375,,4.274144945
173,10758,71,,360.9166667,,71,1742.602175,277.34375,,4.274144945
174,10828,70,,355.8333333,,70,1718.058482,273.4375,,3.582275312
175,10898,70,,355.8333333,,70,1718.058482,273.4375,,3.582275312
176,10968,70,,355.8333333,,70,1718.058482,273.4375,,3.582275312
177,11038,70,,355.8333333,,70,1718.058482,273.4375,,3.582275312
178,11108,70,,355.8333333,,70,1718.058482,273.4375,,3.582275312
179,11179,71,,360.9166667,,71,1742.602175,277.34375,,4.274144945
180,11249,70,,355.8333333,,70,1718.058482,273.4375,,3.582275312
181,11320,71,,360.9166667,,71,1742.602175,277.34375,,4.274144945
182,11391,71,,360.9166667,,71,1742.602175,277.34375,,4.274144945
183,11462,71,,360.9166667,,71,1742.602175,277.34375,,4.274144945
184,11533,71,,360.9166667,,71,1742.602175,277.34375,,4.274144945
185,11604,71,,360.9166667,,71,1742.602175,277.34375,,4.274144945
186,11674,70,,355.8333333,,70,1718.058482,273.4375,,3.582275312
187,11744,70,,355.8333333,,70,1718.058482,273.4375,,3.582275312
188,11815,71,,360.9166667,,71,1742.602175,277.34375,,4.274144945
189,11885,70,,355.8333333,,70,1718.058482,273.4375,,3.582275312
190,11956,71,,360.9166667,,71,1742.602175,277.34375,,4.274144945
191,12025,69,,350.75,,69,1693.51479,269.53125,,3.177236416
192,12096,71,,360.9166667,,71,1742.602175,277.34375,,4.274144945
193,12166,70,,355.8333333,,70,1718.058482,273.4375,,3.582275312
194,12236,70,,355.8333333,,70,1718.058482,273.4375,,3.582275312
195,12307,71,,360.9166667,,71,1742.602175,277.34375,,4.274144945
196,12378,71,,360.9166667,,71,1742.602175,277.34375,,4.274144945
197,12449,71,,360.9166667,,71,1742.602175,277.34375,,4.274144945
198,12520,71,,360.9166667,,71,1742.602175,277.34375,,4.274144945
199,12591,71,,360.9166667,,71,1742.602175,277.34375,,4.274144945
200,12661,70,,355.8333333,,70,1718.058482,273.4375,,3.582275312
201,12732,71,,360.9166667,,71,1742.602175,277.34375,,4.274144945
202,12802,70,,355.8333333,,70,1718.058482,273.4375,,3.582275312
203,12873,71,,360.9166667,,71,1742.602175,277.34375,,4.274144945
204,12943,70,,355.8333333,,70,1718.058482,273.4375,,3.582275312
205,13013,70,,355.8333333,,70,1718.058482,273.4375,,3.582275312
206,13083,70,,355.8333333,,70,1718.058482,273.4375,,3.582275312
207,13154,71,,360.9166667,,71,1742.602175,277.34375,,4.274144945
208,13224,70,,355.8333333,,70,1718.058482,273.4375,,3.582275312
209,13294,70,,355.8333333,,70,1718.058482,273.4375,,3.582275312
210,13365,71,,360.9166667,,71,1742.602175,277.34375,,4.274144945
211,13436,71,,360.9166667,,71,1742.602175,277.34375,,4.274144945
212,13507,71,,360.9166667,,71,1742.602175,277.34375,,4.274144945
213,13578,71,,360.9166667,,71,1742.602175,277.34375,,4.274144945
214,13649,71,,360.9166667,,71,1742.602175,277.34375,,4.274144945
215,13719,70,,355.8333333,,70,1718.058482,273.4375,,3.582275312
216,13790,71,,360.9166667,,71,1742.602175,277.34375,,4.274144945
217,13860,70,,355.8333333,,70,1718.058482,273.4375,,3.582275312
218,13931,71,,360.9166667,,71,1742.602175,277.34375,,4.274144945
219,14001,70,,355.8333333,,70,1718.058482,273.4375,,3.582275312
220,14072,71,,360.9166667,,71,1742.602175,277.34375,,4.274144945
221,14142,70,,355.8333333,,70,1718.058482,273.4375,,3.582275312
222,14212,70,,355.8333333,,70,1718.058482,273.4375,,3.582275312
223,14283,71,,360.9166667,,71,1742.602175,277.34375,,4.274144945
224,14353,70,,355.8333333,,70,1718.058482,273.4375,,3.582275312
225,14424,71,,360.9166667,,71,1742.602175,277.34375,,4.274144945
226,14495,71,,360.9166667,,71,1742.602175,277.34375,,4.274144945
227,14566,71,,360.9166667,,71,1742.602175,277.34375,,4.274144945
228,14637,71,,360.9166667,,71,1742.602175,277.34375,,4.274144945
229,14708,71,,360.9166667,,71,1742.602175,277.34375,,4.274144945
230,14778,70,,355.8333333,,70,1718.058482,273.4375,,3.582275312
231,14849,71,,360.9166667,,71,1742.602175,277.34375,,4.274144945
232,14920,71,,360.9166667,,71,1742.602175,277.34375,,4.274144945
233,14990,70,,355.8333333,,70,1718.058482,273.4375,,3.582275312
234,15060,70,,355.8333333,,70,1718.058482,273.4375,,3.582275312
235,15130,70,,355.8333333,,70,1718.058482,273.4375,,3.582275312
236,15201,71,,360.9166667,,71,1742.602175,277.34375,,4.274144945
237,15271,70,,355.8333333,,70,1718.058482,273.4375,,3.582275312
238,15342,71,,360.9166667,,71,1742.602175,277.34375,,4.274144945
239,15413,71,,360.9166667,,71,1742.602175,277.34375,,4.274144945
240,15484,71,,360.9166667,,71,1742.602175,277.34375,,4.274144945
241,15555,71,,360.9166667,,71,1742.602175,277.34375,,4.274144945
242,15626,71,,360.9166667,,71,1742.602175,277.34375,,4.274144945
243,15697,71,,360.9166667,,71,1742.602175,277.34375,,4.274144945
244,15767,70,,355.8333333,,70,1718.058482,273.4375,,3.582275312
245,15838,71,,360.9166667,,71,1742.602175,277.34375,,4.274144945
246,15908,70,,355.8333333,,70,1718.058482,273.4375,,3.582275312
247,15979,71,,360.9166667,,71,1742.602175,277.34375,,4.274144945
248,16049,70,,355.8333333,,70,1718.058482,273.4375,,3.582275312
249,16119,70,,355.8333333,,70,1718.058482,273.4375,,3.582275312
250,16189,70,,355.8333333,,70,1718.058482,273.4375,,3.582275312
251,16260,71,,360.9166667,,71,1742.602175,277.34375,,4.274144945
252,16330,70,,355.8333333,,70,1718.058482,273.4375,,3.582275312
253,16401,71,,360.9166667,,71,1742.602175,277.34375,,4.274144945
254,16472,71,,360.9166667,,71,1742.602175,277.34375,,4.274144945
255,16543,71,,360.9166667,,71,1742.602175,277.34375,,4.274144945
256,16614,71,,360.9166667,,71,1742.602175,277.34375,,4.274144945
257,16685,71,,360.9166667,,71,1742.602175,277.34375,,4.274144945
258,16756,71,,360.9166667,,71,1742.602175,277.34375,,4.274144945
259,16827,71,,360.9166667,,71,1742.602175,277.34375,,4.274144945
260,16897,70,,355.8333333,,70,1718.058482,273.4375,,3.582275312
261,16968,71,,360.9166667,,71,1742.602175,277.34375,,4.274144945
262,17038,70,,355.8333333,,70,1718.058482,273.4375,,3.582275312
263,17108,70,,355.8333333,,70,1718.058482,273.4375,,3.582275312
264,17178,70,,355.8333333,,70,1718.058482,273.4375,,3.582275312
265,17249,71,,360.9166667,,71,1742.602175,277.34375,,4.274144945
266,17319,70,,355.8333333,,70,1718.058482,273.4375,,3.582275312
267,17390,71,,360.9166667,,71,1742.602175,277.34375,,4.274144945
268,17461,71,,360.9166667,,71,1742.602175,277.34375,,4.274144945
269,17532,71,,360.9166667,,71,1742.602175,277.34375,,4.274144945
270,17603,71,,360.9166667,,71,1742.602175,277.34375,,4.274144945
271,17674,71,,360.9166667,,71,1742.602175,277.34375,,4.274144945
272,17745,71,,360.9166667,,71,1742.602175,277.34375,,4.274144945
273,17815,70,,355.8333333,,70,1718.058482,273.4375,,3.582275312
274,17886,71,,360.9166667,,71,1742.602175,277.34375,,4.274144945
275,17956,70,,355.8333333,,70,1718.058482,273.4375,,3.582275312
276,18027,71,,360.9166667,,71,1742.602175,277.34375,,4.274144945
277,18097,70,,355.8333333,,70,1718.058482,273.4375,,3.582275312
278,18168,71,,360.9166667,,71,1742.602175,277.34375,,4.274144945
279,18238,70,,355.8333333,,70,1718.058482,273.4375,,3.582275312
280,18308,70,,355.8333333,,70,1718.058482,273.4375,,3.582275312
281,18379,71,,360.9166667,,71,1742.602175,277.34375,,4.274144945
282,18450,71,,360.9166667,,71,1742.602175,277.34375,,4.274144945
283,18521,71,,360.9166667,,71,1742.602175,277.34375,,4.274144945
284,18592,71,,360.9166667,,71,1742.602175,277.34375,,4.274144945
285,18663,71,,360.9166667,,71,1742.602175,277.34375,,4.274144945
286,18734,71,,360.9166667,,71,1742.602175,277.34375,,4.274144945
287,18805,71,,360.9166667,,71,1742.602175,277.34375,,4.274144945
288,18875,70,,355.8333333,,70,1718.058482,273.4375,,3.582275312
289,18946,71,,360.9166667,,71,1742.602175,277.34375,,4.274144945
290,19017,71,,360.9166667,,71,1742.602175,277.34375,,4.274144945
291,19087,70,,355.8333333,,70,1718.058482,273.4375,,3.582275312
292,19158,71,,360.9166667,,71,1742.602175,277.34375,,4.274144945
293,19228,70,,355.8333333,,70,1718.058482,273.4375,,3.582275312
294,19298,70,,355.8333333,,70,1718.058482,273.4375,,3.582275312
295,19369,71,,360.9166667,,71,1742.602175,277.34375,,4.274144945
296,19440,71,,360.9166667,,71,1742.602175,277.34375,,4.274144945
297,19511,71,,360.9166667,,71,1742.602175,277.34375,,4.274144945
298,19582,71,,360.9166667,,71,1742.602175,277.34375,,4.274144945
299,19653,71,,360.9166667,,71,1742.602175,277.34375,,4.274144945
300,19724,71,,360.9166667,,71,1742.602175,277.34375,,4.274144945
301,19795,71,,360.9166667,,71,1742.602175,277.34375,,4.274144945
302,19866,71,,360.9166667,,71,1742.602175,277.34375,,4.274144945
303,19937,71,,360.9166667,,71,1742.602175,277.34375,,4.274144945
304,20007,70,,355.8333333,,70,1718.058482,273.4375,,3.582275312
305,20078,71,,360.9166667,,71,1742.602175,277.34375,,4.274144945
306,20149,71,,360.9166667,,71,1742.602175,277.34375,,4.274144945
307,20219,70,,355.8333333,,70,1718.058482,273.4375,,3.582275312
308,20289,70,,355.8333333,,70,1718.058482,273.4375,,3.582275312
309,20360,71,,360.9166667,,71,1742.602175,277.34375,,4.274144945
310,20431,71,,360.9166667,,71,1742.602175,277.34375,,4.274144945
311,20502,71,,360.9166667,,71,1742.602175,277.34375,,4.274144945
312,20573,71,,360.9166667,,71,1742.602175,277.34375,,4.274144945
313,20644,71,,360.9166667,,71,1742.602175,277.34375,,4.274144945
314,20715,71,,360.9166667,,71,1742.602175,277.34375,,4.274144945
315,20786,71,,360.9166667,,71,1742.602175,277.34375,,4.274144945
316,20857,71,,360.9166667,,71,1742.602175,277.34375,,4.274144945
317,20928,71,,360.9166667,,71,1742.602175,277.34375,,4.274144945
318,20999,71,,360.9166667,,71,1742.602175,277.34375,,4.274144945
319,21069,70,,355.8333333,,70,1718.058482,273.4375,,3.582275312
320,21140,71,,360.9166667,,71,1742.602175,277.34375,,4.274144945
321,21211,71,,360.9166667,,71,1742.602175,277.34375,,4.274144945
322,21281,70,,355.8333333,,70,1718.058482,273.4375,,3.582275312
323,21352,71,,360.9166667,,71,1742.602175,277.34375,,4.274144945
324,21422,70,,355.8333333,,70,1718.058482,273.4375,,3.582275312
325,21493,71,,360.9166667,,71,1742.602175,277.34375,,4.274144945
326,21564,71,,360.9166667,,71,1742.602175,277.34375,,4.274144945
327,21636,72,,366,,72,1767.145868,281.25,,10.24444969
328,21707,71,,360.9166667,,71,1742.602175,277.34375,,4.274144945
329,21778,71,,360.9166667,,71,1742.602175,277.34375,,4.274144945
330,21849,71,,360.9166667,,71,1742.602175,277.34375,,4.274144945
331,21920,71,,360.9166667,,71,1742.602175,277.34375,,4.274144945
332,21991,71,,360.9166667,,71,1742.602175,277.34375,,4.274144945
333,22061,70,,355.8333333,,70,1718.058482,273.4375,,3.582275312
334,22132,71,,360.9166667,,71,1742.602175,277.34375,,4.274144945
335,22203,71,,360.9166667,,71,1742.602175,277.34375,,4.274144945
336,22273,70,,355.8333333,,70,1718.058482,273.4375,,3.582275312
337,22344,71,,360.9166667,,71,1742.602175,277.34375,,4.274144945
338,22414,70,,355.8333333,,70,1718.058482,273.4375,,3.582275312
339,22485,71,,360.9166667,,71,1742.602175,277.34375,,4.274144945
340,22556,71,,360.9166667,,71,1742.602175,277.34375,,4.274144945
341,22628,72,,366,,72,1767.145868,281.25,,10.24444969
342,22699,71,,360.9166667,,71,1742.602175,277.34375,,4.274144945
343,22770,71,,360.9166667,,71,1742.602175,277.34375,,4.274144945
344,22841,71,,360.9166667,,71,1742.602175,277.34375,,4.274144945
345,22912,71,,360.9166667,,71,1742.602175,277.34375,,4.274144945
346,22984,72,,366,,72,1767.145868,281.25,,10.24444969
347,23055,71,,360.9166667,,71,1742.602175,277.34375,,4.274144945
348,23125,70,,355.8333333,,70,1718.058482,273.4375,,3.582275312
349,23196,71,,360.9166667,,71,1742.602175,277.34375,,4.274144945
350,23267,71,,360.9166667,,71,1742.602175,277.34375,,4.274144945
351,23337,70,,355.8333333,,70,1718.058482,273.4375,,3.582275312
352,23408,71,,360.9166667,,71,1742.602175,277.34375,,4.274144945
353,23479,71,,360.9166667,,71,1742.602175,277.34375,,4.274144945
354,23550,71,,360.9166667,,71,1742.602175,277.34375,,4.274144945
355,23621,71,,360.9166667,,71,1742.602175,277.34375,,4.274144945
356,23693,72,,366,,72,1767.145868,281.25,,10.24444969
357,23764,71,,360.9166667,,71,1742.602175,277.34375,,4.274144945
358,23836,72,,366,,72,1767.145868,281.25,,10.24444969
359,23907,71,,360.9166667,,71,1742.602175,277.34375,,4.274144945
360,23978,71,,360.9166667,,71,1742.602175,277.34375,,4.274144945
361,24049,71,,360.9166667,,71,1742.602175,277.34375,,4.274144945
362,24120,71,,360.9166667,,71,1742.602175,277.34375,,4.274144945
363,24191,71,,360.9166667,,71,1742.602175,277.34375,,4.274144945
364,24262,71,,360.9166667,,71,1742.602175,277.34375,,4.274144945
365,24332,70,,355.8333333,,70,1718.058482,273.4375,,3.582275312
366,24403,71,,360.9166667,,71,1742.602175,277.34375,,4.274144945
367,24474,71,,360.9166667,,71,1742.602175,277.34375,,4.274144945
368,24545,71,,360.9166667,,71,1742.602175,277.34375,,4.274144945
369,24616,71,,360.9166667,,71,1742.602175,277.34375,,4.274144945
370,24688,72,,366,,72,1767.145868,281.25,,10.24444969
371,24759,71,,360.9166667,,71,1742.602175,277.34375,,4.274144945
372,24831,72,,366,,72,1767.145868,281.25,,10.24444969
373,24902,71,,360.9166667,,71,1742.602175,277.34375,,4.274144945
374,24973,71,,360.9166667,,71,1742.602175,277.34375,,4.274144945
375,25044,71,,360.9166667,,71,1742.602175,277.34375,,4.274144945
376,25115,71,,360.9166667,,71,1742.602175,277.34375,,4.274144945
377,25186,71,,360.9166667,,71,1742.602175,277.34375,,4.274144945
378,25257,71,,360.9166667,,71,1742.602175,277.34375,,4.274144945
379,25328,71,,360.9166667,,71,1742.602175,277.34375,,4.274144945
380,25399,71,,360.9166667,,71,1742.602175,277.34375,,4.274144945
381,25470,71,,360.9166667,,71,1742.602175,277.34375,,4.274144945
382,25541,71,,360.9166667,,71,1742.602175,277.34375,,4.274144945
383,25612,71,,360.9166667,,71,1742.602175,277.34375,,4.274144945
384,25684,72,,366,,72,1767.145868,281.25,,10.24444969
385,25755,71,,360.9166667,,71,1742.602175,277.34375,,4.274144945
386,25827,72,,366,,72,1767.145868,281.25,,10.24444969
387,25898,71,,360.9166667,,71,1742.602175,277.34375,,4.274144945
388,25969,71,,360.9166667,,71,1742.602175,277.34375,,4.274144945
389,26041,72,,366,,72,1767.145868,281.25,,10.24444969
390,26112,71,,360.9166667,,71,1742.602175,277.34375,,4.274144945
391,26183,71,,360.9166667,,71,1742.602175,277.34375,,4.274144945
392,26254,71,,360.9166667,,71,1742.602175,277.34375,,4.274144945
393,26325,71,,360.9166667,,71,1742.602175,277.34375,,4.274144945
394,26396,71,,360.9166667,,71,1742.602175,277.34375,,4.274144945
395,26467,71,,360.9166667,,71,1742.602175,277.34375,,4.274144945
396,26538,71,,360.9166667,,71,1742.602175,277.34375,,4.274144945
397,26609,71,,360.9166667,,71,1742.602175,277.34375,,4.274144945
398,26680,71,,360.9166667,,71,1742.602175,277.34375,,4.274144945
399,26752,72,,366,,72,1767.145868,281.25,,10.24444969
400,26824,72,,366,,72,1767.145868,281.25,,10.24444969
401,26895,71,,360.9166667,,71,1742.602175,277.34375,,4.274144945
402,26967,72,,366,,72,1767.145868,281.25,,10.24444969
403,27038,71,,360.9166667,,71,1742.602175,277.34375,,4.274144945
404,27109,71,,360.9166667,,71,1742.602175,277.34375,,4.274144945
405,27180,71,,360.9166667,,71,1742.602175,277.34375,,4.274144945
406,27251,71,,360.9166667,,71,1742.602175,277.34375,,4.274144945
407,27322,71,,360.9166667,,71,1742.602175,277.34375,,4.274144945
408,27393,71,,360.9166667,,71,1742.602175,277.34375,,4.274144945
409,27464,71,,360.9166667,,71,1742.602175,277.34375,,4.274144945
410,27535,71,,360.9166667,,71,1742.602175,277.34375,,4.274144945
411,27606,71,,360.9166667,,71,1742.602175,277.34375,,4.274144945
412,27677,71,,360.9166667,,71,1742.602175,277.34375,,4.274144945
413,27749,72,,366,,72,1767.145868,281.25,,10.24444969
414,27821,72,,366,,72,1767.145868,281.25,,10.24444969
415,27892,71,,360.9166667,,71,1742.602175,277.34375,,4.274144945
416,27964,72,,366,,72,1767.145868,281.25,,10.24444969
417,28035,71,,360.9166667,,71,1742.602175,277.34375,,4.274144945
418,28106,71,,360.9166667,,71,1742.602175,277.34375,,4.274144945
419,28177,71,,360.9166667,,71,1742.602175,277.34375,,4.274144945
420,28248,71,,360.9166667,,71,1742.602175,277.34375,,4.274144945
421,28319,71,,360.9166667,,71,1742.602175,277.34375,,4.274144945
422,28390,71,,360.9166667,,71,1742.602175,277.34375,,4.274144945
423,28460,70,,355.8333333,,70,1718.058482,273.4375,,3.582275312
424,28531,71,,360.9166667,,71,1742.602175,277.34375,,4.274144945
425,28602,71,,360.9166667,,71,1742.602175,277.34375,,4.274144945
426,28673,71,,360.9166667,,71,1742.602175,277.34375,,4.274144945
427,28745,72,,366,,72,1767.145868,281.25,,10.24444969
428,28816,71,,360.9166667,,71,1742.602175,277.34375,,4.274144945
429,28888,72,,366,,72,1767.145868,281.25,,10.24444969
430,28959,71,,360.9166667,,71,1742.602175,277.34375,,4.274144945
431,29030,71,,360.9166667,,71,1742.602175,277.34375,,4.274144945
432,29101,71,,360.9166667,,71,1742.602175,277.34375,,4.274144945
433,29173,72,,366,,72,1767.145868,281.25,,10.24444969
434,29244,71,,360.9166667,,71,1742.602175,277.34375,,4.274144945
435,29315,71,,360.9166667,,71,1742.602175,277.34375,,4.274144945
436,29385,70,,355.8333333,,70,1718.058482,273.4375,,3.582275312
437,29456,71,,360.9166667,,71,1742.602175,277.34375,,4.274144945
438,29527,71,,360.9166667,,71,1742.602175,277.34375,,4.274144945
439,29598,71,,360.9166667,,71,1742.602175,277.34375,,4.274144945
440,29669,71,,360.9166667,,71,1742.602175,277.34375,,4.274144945
441,29740,71,,360.9166667,,71,1742.602175,277.34375,,4.274144945
442,29812,72,,366,,72,1767.145868,281.25,,10.24444969
443,29883,71,,360.9166667,,71,1742.602175,277.34375,,4.274144945
444,29954,71,,360.9166667,,71,1742.602175,277.34375,,4.274144945
445,30026,72,,366,,72,1767.145868,281.25,,10.24444969
446,30097,71,,360.9166667,,71,1742.602175,277.34375,,4.274144945
447,30168,71,,360.9166667,,71,1742.602175,277.34375,,4.274144945
448,30239,71,,360.9166667,,71,1742.602175,277.34375,,4.274144945
449,30310,71,,360.9166667,,71,1742.602175,277.34375,,4.274144945
450,30380,70,,355.8333333,,70,1718.058482,273.4375,,3.582275312
451,30451,71,,360.9166667,,71,1742.602175,277.34375,,4.274144945
452,30522,71,,360.9166667,,71,1742.602175,277.34375,,4.274144945
453,30593,71,,360.9166667,,71,1742.602175,277.34375,,4.274144945
454,30664,71,,360.9166667,,71,1742.602175,277.34375,,4.274144945
455,30735,71,,360.9166667,,71,1742.602175,277.34375,,4.274144945
456,30807,72,,366,,72,1767.145868,281.25,,10.24444969
457,30878,71,,360.9166667,,71,1742.602175,277.34375,,4.274144945
458,30949,71,,360.9166667,,71,1742.602175,277.34375,,4.274144945
459,31021,72,,366,,72,1767.145868,281.25,,10.24444969
460,31092,71,,360.9166667,,71,1742.602175,277.34375,,4.274144945
461,31163,71,,360.9166667,,71,1742.602175,277.34375,,4.274144945
462,31234,71,,360.9166667,,71,1742.602175,277.34375,,4.274144945
463,31305,71,,360.9166667,,71,1742.602175,277.34375,,4.274144945
464,31376,71,,360.9166667,,71,1742.602175,277.34375,,4.274144945
465,31446,70,,355.8333333,,70,1718.058482,273.4375,,3.582275312
466,31517,71,,360.9166667,,71,1742.602175,277.34375,,4.274144945
467,31588,71,,360.9166667,,71,1742.602175,277.34375,,4.274144945
468,31658,70,,355.8333333,,70,1718.058482,273.4375,,3.582275312
469,31729,71,,360.9166667,,71,1742.602175,277.34375,,4.274144945
470,31801,72,,366,,72,1767.145868,281.25,,10.24444969
471,31872,71,,360.9166667,,71,1742.602175,277.34375,,4.274144945
472,31944,72,,366,,72,1767.145868,281.25,,10.24444969
473,32015,71,,360.9166667,,71,1742.602175,277.34375,,4.274144945
474,32086,71,,360.9166667,,71,1742.602175,277.34375,,4.274144945
475,32157,71,,360.9166667,,71,1742.602175,277.34375,,4.274144945
476,32228,71,,360.9166667,,71,1742.602175,277.34375,,4.274144945
477,32299,71,,360.9166667,,71,1742.602175,277.34375,,4.274144945
478,32370,71,,360.9166667,,71,1742.602175,277.34375,,4.274144945
479,32440,70,,355.8333333,,70,1718.058482,273.4375,,3.582275312
480,32511,71,,360.9166667,,71,1742.602175,277.34375,,4.274144945
481,32582,71,,360.9166667,,71,1742.602175,277.34375,,4.274144945
482,32652,70,,355.8333333,,70,1718.058482,273.4375,,3.582275312
483,32723,71,,360.9166667,,71,1742.602175,277.34375,,4.274144945
484,32795,72,,366,,72,1767.145868,281.25,,10.24444969
485,32866,71,,360.9166667,,71,1742.602175,277.34375,,4.274144945
486,32937,71,,360.9166667,,71,1742.602175,277.34375,,4.274144945
487,33009,72,,366,,72,1767.145868,281.25,,10.24444969
488,33080,71,,360.9166667,,71,1742.602175,277.34375,,4.274144945
489,33151,71,,360.9166667,,71,1742.602175,277.34375,,4.274144945
490,33222,71,,360.9166667,,71,1742.602175,277.34375,,4.274144945
491,33293,71,,360.9166667,,71,1742.602175,277.34375,,4.274144945
492,33363,70,,355.8333333,,70,1718.058482,273.4375,,3.582275312
493,33434,71,,360.9166667,,71,1742.602175,277.34375,,4.274144945
494,33505,71,,360.9166667,,71,1742.602175,277.34375,,4.274144945
495,33575,70,,355.8333333,,70,1718.058482,273.4375,,3.582275312
496,33646,71,,360.9166667,,71,1742.602175,277.34375,,4.274144945
497,33717,71,,360.9166667,,71,1742.602175,277.34375,,4.274144945
498,33788,71,,360.9166667,,71,1742.602175,277.34375,,4.274144945
499,33859,71,,360.9166667,,71,1742.602175,277.34375,,4.274144945
500,33930,71,,360.9166667,,71,1742.602175,277.34375,,4.274144945
501,34002,72,,366,,72,1767.145868,281.25,,10.24444969
502,34073,71,,360.9166667,,71,1742.602175,277.34375,,4.274144945
503,34144,71,,360.9166667,,71,1742.602175,277.34375,,4.274144945
504,34215,71,,360.9166667,,71,1742.602175,277.34375,,4.274144945
505,34286,71,,360.9166667,,71,1742.602175,277.34375,,4.274144945
506,34356,70,,355.8333333,,70,1718.058482,273.4375,,3.582275312
507,34427,71,,360.9166667,,71,1742.602175,277.34375,,4.274144945
508,34498,71,,360.9166667,,71,1742.602175,277.34375,,4.274144945
509,34568,70,,355.8333333,,70,1718.058482,273.4375,,3.582275312
510,34639,71,,360.9166667,,71,1742.602175,277.34375,,4.274144945
511,34710,71,,360.9166667,,71,1742.602175,277.34375,,4.274144945
512,34780,70,,355.8333333,,70,1718.058482,273.4375,,3.582275312
513,34852,72,,366,,72,1767.145868,281.25,,10.24444969
514,34923,71,,360.9166667,,71,1742.602175,277.34375,,4.274144945
515,34994,71,,360.9166667,,71,1742.602175,277.34375,,4.274144945
516,35065,71,,360.9166667,,71,1742.602175,277.34375,,4.274144945
517,35137,72,,366,,72,1767.145868,281.25,,10.24444969
518,35207,70,,355.8333333,,70,1718.058482,273.4375,,3.582275312
519,35279,72,,366,,72,1767.145868,281.25,,10.24444969
520,35349,70,,355.8333333,,70,1718.058482,273.4375,,3.582275312
521,35420,71,,360.9166667,,71,1742.602175,277.34375,,4.274144945
522,35491,71,,360.9166667,,71,1742.602175,277.34375,,4.274144945
523,35561,70,,355.8333333,,70,1718.058482,273.4375,,3.582275312
524,35632,71,,360.9166667,,71,1742.602175,277.34375,,4.274144945
525,35703,71,,360.9166667,,71,1742.602175,277.34375,,4.274144945
526,35773,70,,355.8333333,,70,1718.058482,273.4375,,3.582275312
527,35844,71,,360.9166667,,71,1742.602175,277.34375,,4.274144945
528,35916,72,,366,,72,1767.145868,281.25,,10.24444969
529,35987,71,,360.9166667,,71,1742.602175,277.34375,,4.274144945
530,36058,71,,360.9166667,,71,1742.602175,277.34375,,4.274144945
531,36130,72,,366,,72,1767.145868,281.25,,10.24444969
532,36200,70,,355.8333333,,70,1718.058482,273.4375,,3.582275312
533,36271,71,,360.9166667,,71,1742.602175,277.34375,,4.274144945
534,36342,71,,360.9166667,,71,1742.602175,277.34375,,4.274144945
535,36413,71,,360.9166667,,71,1742.602175,277.34375,,4.274144945
536,36484,71,,360.9166667,,71,1742.602175,277.34375,,4.274144945
537,36554,70,,355.8333333,,70,1718.058482,273.4375,,3.582275312
538,36625,71,,360.9166667,,71,1742.602175,277.34375,,4.274144945
539,36695,70,,355.8333333,,70,1718.058482,273.4375,,3.582275312
540,36766,71,,360.9166667,,71,1742.602175,277.34375,,4.274144945
541,36837,71,,360.9166667,,71,1742.602175,277.34375,,4.274144945
542,36908,71,,360.9166667,,71,1742.602175,277.34375,,4.274144945
543,36979,71,,360.9166667,,71,1742.602175,277.34375,,4.274144945
544,37050,71,,360.9166667,,71,1742.602175,277.34375,,4.274144945
545,37122,72,,366,,72,1767.145868,281.25,,10.24444969
546,37193,71,,360.9166667,,71,1742.602175,277.34375,,4.274144945
547,37263,70,,355.8333333,,70,1718.058482,273.4375,,3.582275312
548,37334,71,,360.9166667,,71,1742.602175,277.34375,,4.274144945
549,37405,71,,360.9166667,,71,1742.602175,277.34375,,4.274144945
550,37476,71,,360.9166667,,71,1742.602175,277.34375,,4.274144945
551,37546,70,,355.8333333,,70,1718.058482,273.4375,,3.582275312
552,37616,70,,355.8333333,,70,1718.058482,273.4375,,3.582275312
553,37687,71,,360.9166667,,71,1742.602175,277.34375,,4.274144945
554,37757,70,,355.8333333,,70,1718.058482,273.4375,,3.582275312
555,37828,71,,360.9166667,,71,1742.602175,277.34375,,4.274144945
556,37899,71,,360.9166667,,71,1742.602175,277.34375,,4.274144945
557,37970,71,,360.9166667,,71,1742.602175,277.34375,,4.274144945
558,38041,71,,360.9166667,,71,1742.602175,277.34375,,4.274144945
559,38112,71,,360.9166667,,71,1742.602175,277.34375,,4.274144945
560,38184,72,,366,,72,1767.145868,281.25,,10.24444969
561,38254,70,,355.8333333,,70,1718.058482,273.4375,,3.582275312
562,38325,71,,360.9166667,,71,1742.602175,277.34375,,4.274144945
563,38396,71,,360.9166667,,71,1742.602175,277.34375,,4.274144945
564,38466,70,,355.8333333,,70,1718.058482,273.4375,,3.582275312
565,38537,71,,360.9166667,,71,1742.602175,277.34375,,4.274144945
566,38607,70,,355.8333333,,70,1718.058482,273.4375,,3.582275312
567,38677,70,,355.8333333,,70,1718.058482,273.4375,,3.582275312
568,38748,71,,360.9166667,,71,1742.602175,277.34375,,4.274144945
569,38818,70,,355.8333333,,70,1718.058482,273.4375,,3.582275312
570,38889,71,,360.9166667,,71,1742.602175,277.34375,,4.274144945
571,38960,71,,360.9166667,,71,1742.602175,277.34375,,4.274144945
572,39031,71,,360.9166667,,71,1742.602175,277.34375,,4.274144945
573,39102,71,,360.9166667,,71,1742.602175,277.34375,,4.274144945
574,39173,71,,360.9166667,,71,1742.602175,277.34375,,4.274144945
575,39244,71,,360.9166667,,71,1742.602175,277.34375,,4.274144945
576,39314,70,,355.8333333,,70,1718.058482,273.4375,,3.582275312
577,39385,71,,360.9166667,,71,1742.602175,277.34375,,4.274144945
578,39456,71,,360.9166667,,71,1742.602175,277.34375,,4.274144945
579,39526,70,,355.8333333,,70,1718.058482,273.4375,,3.582275312
580,39597,71,,360.9166667,,71,1742.602175,277.34375,,4.274144945
581,39667,70,,355.8333333,,70,1718.058482,273.4375,,3.582275312
582,39737,70,,355.8333333,,70,1718.058482,273.4375,,3.582275312
583,39808,71,,360.9166667,,71,1742.602175,277.34375,,4.274144945
584,39878,70,,355.8333333,,70,1718.058482,273.4375,,3.582275312
585,39949,71,,360.9166667,,71,1742.602175,277.34375,,4.274144945
586,40020,71,,360.9166667,,71,1742.602175,277.34375,,4.274144945
587,40091,71,,360.9166667,,71,1742.602175,277.34375,,4.274144945
588,40162,71,,360.9166667,,71,1742.602175,277.34375,,4.274144945
589,40233,71,,360.9166667,,71,1742.602175,277.34375,,4.274144945
590,40304,71,,360.9166667,,71,1742.602175,277.34375,,4.274144945
591,40375,71,,360.9166667,,71,1742.602175,277.34375,,4.274144945
592,40445,70,,355.8333333,,70,1718.058482,273.4375,,3.582275312
593,40516,71,,360.9166667,,71,1742.602175,277.34375,,4.274144945
594,40586,70,,355.8333333,,70,1718.058482,273.4375,,3.582275312
595,40657,71,,360.9166667,,71,1742.602175,277.34375,,4.274144945
596,40727,70,,355.8333333,,70,1718.058482,273.4375,,3.582275312
597,40797,70,,355.8333333,,70,1718.058482,273.4375,,3.582275312
598,40868,71,,360.9166667,,71,1742.602175,277.34375,,4.274144945
599,40939,71,,360.9166667,,71,1742.602175,277.34375,,4.274144945
600,41009,70,,355.8333333,,70,1718.058482,273.4375,,3.582275312
601,41081,72,,366,,72,1767.145868,281.25,,10.24444969
602,41152,71,,360.9166667,,71,1742.602175,277.34375,,4.274144945
603,41223,71,,360.9166667,,71,1742.602175,277.34375,,4.274144945
604,41293,70,,355.8333333,,70,1718.058482,273.4375,,3.582275312
605,41364,71,,360.9166667,,71,1742.602175,277.34375,,4.274144945
606,41435,71,,360.9166667,,71,1742.602175,277.34375,,4.274144945
607,41505,70,,355.8333333,,70,1718.058482,273.4375,,3.582275312
608,41576,71,,360.9166667,,71,1742.602175,277.34375,,4.274144945
609,41646,70,,355.8333333,,70,1718.058482,273.4375,,3.582275312
610,41717,71,,360.9166667,,71,1742.602175,277.34375,,4.274144945
611,41787,70,,355.8333333,,70,1718.058482,273.4375,,3.582275312
612,41857,70,,355.8333333,,70,1718.058482,273.4375,,3.582275312
613,41928,71,,360.9166667,,71,1742.602175,277.34375,,4.274144945
614,41999,71,,360.9166667,,71,1742.602175,277.34375,,4.274144945
615,42070,71,,360.9166667,,71,1742.602175,277.34375,,4.274144945
616,42141,71,,360.9166667,,71,1742.602175,277.34375,,4.274144945
617,42212,71,,360.9166667,,71,1742.602175,277.34375,,4.274144945
618,42283,71,,360.9166667,,71,1742.602175,277.34375,,4.274144945
619,42353,70,,355.8333333,,70,1718.058482,273.4375,,3.582275312
620,42424,71,,360.9166667,,71,1742.602175,277.34375,,4.274144945
621,42495,71,,360.9166667,,71,1742.602175,277.34375,,4.274144945
622,42566,71,,360.9166667,,71,1742.602175,277.34375,,4.274144945
623,42636,70,,355.8333333,,70,1718.058482,273.4375,,3.582275312
624,42707,71,,360.9166667,,71,1742.602175,277.34375,,4.274144945
625,42777,70,,355.8333333,,70,1718.058482,273.4375,,3.582275312
626,42847,70,,355.8333333,,70,1718.058482,273.4375,,3.582275312
627,42918,71,,360.9166667,,71,1742.602175,277.34375,,4.274144945
628,42988,70,,355.8333333,,70,1718.058482,273.4375,,3.582275312
629,43059,71,,360.9166667,,71,1742.602175,277.34375,,4.274144945
630,43131,72,,366,,72,1767.145868,281.25,,10.24444969
631,43202,71,,360.9166667,,71,1742.602175,277.34375,,4.274144945
632,43273,71,,360.9166667,,71,1742.602175,277.34375,,4.274144945
633,43344,71,,360.9166667,,71,1742.602175,277.34375,,4.274144945
634,43414,70,,355.8333333,,70,1718.058482,273.4375,,3.582275312
635,43485,71,,360.9166667,,71,1742.602175,277.34375,,4.274144945
636,43555,70,,355.8333333,,70,1718.058482,273.4375,,3.582275312
637,43626,71,,360.9166667,,71,1742.602175,277.34375,,4.274144945
638,43697,71,,360.9166667,,71,1742.602175,277.34375,,4.274144945
639,43767,70,,355.8333333,,70,1718.058482,273.4375,,3.582275312
640,43837,70,,355.8333333,,70,1718.058482,273.4375,,3.582275312
641,43908,71,,360.9166667,,71,1742.602175,277.34375,,4.274144945
642,43978,70,,355.8333333,,70,1718.058482,273.4375,,3.582275312
643,44049,71,,360.9166667,,71,1742.602175,277.34375,,4.274144945
644,44120,71,,360.9166667,,71,1742.602175,277.34375,,4.274144945
645,44191,71,,360.9166667,,71,1742.602175,277.34375,,4.274144945
646,44262,71,,360.9166667,,71,1742.602175,277.34375,,4.274144945
647,44333,71,,360.9166667,,71,1742.602175,277.34375,,4.274144945
648,44404,71,,360.9166667,,71,1742.602175,277.34375,,4.274144945
649,44475,71,,360.9166667,,71,1742.602175,277.34375,,4.274144945
650,44545,70,,355.8333333,,70,1718.058482,273.4375,,3.582275312
651,44616,71,,360.9166667,,71,1742.602175,277.34375,,4.274144945
652,44687,71,,360.9166667,,71,1742.602175,277.34375,,4.274144945
653,44757,70,,355.8333333,,70,1718.058482,273.4375,,3.582275312
654,44827,70,,355.8333333,,70,1718.058482,273.4375,,3.582275312
655,44898,71,,360.9166667,,71,1742.602175,277.34375,,4.274144945
656,44968,70,,355.8333333,,70,1718.058482,273.4375,,3.582275312
657,45039,71,,360.9166667,,71,1742.602175,277.34375,,4.274144945
658,45110,71,,360.9166667,,71,1742.602175,277.34375,,4.274144945
659,45181,71,,360.9166667,,71,1742.602175,277.34375,,4.274144945
660,45252,71,,360.9166667,,71,1742.602175,277.34375,,4.274144945
661,45323,71,,360.9166667,,71,1742.602175,277.34375,,4.274144945
662,45394,71,,360.9166667,,71,1742.602175,277.34375,,4.274144945
663,45464,70,,355.8333333,,70,1718.058482,273.4375,,3.582275312
664,45535,71,,360.9166667,,71,1742.602175,277.34375,,4.274144945
665,45606,71,,360.9166667,,71,1742.602175,277.34375,,4.274144945
666,45676,70,,355.8333333,,70,1718.058482,273.4375,,3.582275312
667,45747,71,,360.9166667,,71,1742.602175,277.34375,,4.274144945
668,45817,70,,355.8333333,,70,1718.058482,273.4375,,3.582275312
669,45887,70,,355.8333333,,70,1718.058482,273.4375,,3.582275312
670,45958,71,,360.9166667,,71,1742.602175,277.34375,,4.274144945
671,46028,70,,355.8333333,,70,1718.058482,273.4375,,3.582275312
672,46099,71,,360.9166667,,71,1742.602175,277.34375,,4.274144945
673,46170,71,,360.9166667,,71,1742.602175,277.34375,,4.274144945
674,46241,71,,360.9166667,,71,1742.602175,277.34375,,4.274144945
675,46312,71,,360.9166667,,71,1742.602175,277.34375,,4.274144945
676,46383,71,,360.9166667,,71,1742.602175,277.34375,,4.274144945
677,46454,71,,360.9166667,,71,1742.602175,277.34375,,4.274144945
678,46524,70,,355.8333333,,70,1718.058482,273.4375,,3.582275312
679,46595,71,,360.9166667,,71,1742.602175,277.34375,,4.274144945
680,46666,71,,360.9166667,,71,1742.602175,277.34375,,4.274144945
681,46736,70,,355.8333333,,70,1718.058482,273.4375,,3.582275312
682,46807,71,,360.9166667,,71,1742.602175,277.34375,,4.274144945
683,46877,70,,355.8333333,,70,1718.058482,273.4375,,3.582275312
684,46948,71,,360.9166667,,71,1742.602175,277.34375,,4.274144945
685,47018,70,,355.8333333,,70,1718.058482,273.4375,,3.582275312
686,47089,71,,360.9166667,,71,1742.602175,277.34375,,4.274144945
687,47160,71,,360.9166667,,71,1742.602175,277.34375,,4.274144945
688,47231,71,,360.9166667,,71,1742.602175,277.34375,,4.274144945
689,47302,71,,360.9166667,,71,1742.602175,277.34375,,4.274144945
690,47373,71,,360.9166667,,71,1742.602175,277.34375,,4.274144945
691,47444,71,,360.9166667,,71,1742.602175,277.34375,,4.274144945
692,47514,70,,355.8333333,,70,1718.058482,273.4375,,3.582275312
693,47585,71,,360.9166667,,71,1742.602175,277.34375,,4.274144945
694,47656,71,,360.9166667,,71,1742.602175,277.34375,,4.274144945
695,47726,70,,355.8333333,,70,1718.058482,273.4375,,3.582275312
696,47797,71,,360.9166667,,71,1742.602175,277.34375,,4.274144945
697,47867,70,,355.8333333,,70,1718.058482,273.4375,,3.582275312
698,47938,71,,360.9166667,,71,1742.602175,277.34375,,4.274144945
699,48008,70,,355.8333333,,70,1718.058482,273.4375,,3.582275312
700,48079,71,,360.9166667,,71,1742.602175,277.34375,,4.274144945
701,48149,70,,355.8333333,,70,1718.058482,273.4375,,3.582275312
702,48221,72,,366,,72,1767.145868,281.25,,10.24444969
703,48292,71,,360.9166667,,71,1742.602175,277.34375,,4.274144945
704,48363,71,,360.9166667,,71,1742.602175,277.34375,,4.274144945
705,48434,71,,360.9166667,,71,1742.602175,277.34375,,4.274144945
706,48504,70,,355.8333333,,70,1718.058482,273.4375,,3.582275312
707,48575,71,,360.9166667,,71,1742.602175,277.34375,,4.274144945
708,48646,71,,360.9166667,,71,1742.602175,277.34375,,4.274144945
709,48717,71,,360.9166667,,71,1742.602175,277.34375,,4.274144945
710,48787,70,,355.8333333,,70,1718.058482,273.4375,,3.582275312
711,48857,70,,355.8333333,,70,1718.058482,273.4375,,3.582275312
712,48928,71,,360.9166667,,71,1742.602175,277.34375,,4.274144945
713,48998,70,,355.8333333,,70,1718.058482,273.4375,,3.582275312
714,49069,71,,360.9166667,,71,1742.602175,277.34375,,4.274144945
715,49140,71,,360.9166667,,71,1742.602175,277.34375,,4.274144945
716,49211,71,,360.9166667,,71,1742.602175,277.34375,,4.274144945
717,49282,71,,360.9166667,,71,1742.602175,277.34375,,4.274144945
718,49353,71,,360.9166667,,71,1742.602175,277.34375,,4.274144945
719,49424,71,,360.9166667,,71,1742.602175,277.34375,,4.274144945
720,49495,71,,360.9166667,,71,1742.602175,277.34375,,4.274144945
721,49566,71,,360.9166667,,71,1742.602175,277.34375,,4.274144945
722,49637,71,,360.9166667,,71,1742.602175,277.34375,,4.274144945
723,49707,70,,355.8333333,,70,1718.058482,273.4375,,3.582275312
724,49778,71,,360.9166667,,71,1742.602175,277.34375,,4.274144945
725,49848,70,,355.8333333,,70,1718.058482,273.4375,,3.582275312
726,49919,71,,360.9166667,,71,1742.602175,277.34375,,4.274144945
727,49989,70,,355.8333333,,70,1718.058482,273.4375,,3.582275312
728,50060,71,,360.9166667,,71,1742.602175,277.34375,,4.274144945
729,50130,70,,355.8333333,,70,1718.058482,273.4375,,3.582275312
730,50201,71,,360.9166667,,71,1742.602175,277.34375,,4.274144945
731,50273,72,,366,,72,1767.145868,281.25,,10.24444969
732,50344,71,,360.9166667,,71,1742.602175,277.34375,,4.274144945
733,50415,71,,360.9166667,,71,1742.602175,277.34375,,4.274144945
734,50486,71,,360.9166667,,71,1742.602175,277.34375,,4.274144945
735,50556,70,,355.8333333,,70,1718.058482,273.4375,,3.582275312
736,50627,71,,360.9166667,,71,1742.602175,277.34375,,4.274144945
737,50698,71,,360.9166667,,71,1742.602175,277.34375,,4.274144945
738,50769,71,,360.9166667,,71,1742.602175,277.34375,,4.274144945
739,50840,71,,360.9166667,,71,1742.602175,277.34375,,4.274144945
740,50910,70,,355.8333333,,70,1718.058482,273.4375,,3.582275312
741,50980,70,,355.8333333,,70,1718.058482,273.4375,,3.582275312
742,51051,71,,360.9166667,,71,1742.602175,277.34375,,4.274144945
743,51122,71,,360.9166667,,71,1742.602175,277.34375,,4.274144945
744,51192,70,,355.8333333,,70,1718.058482,273.4375,,3.582275312
745,51264,72,,366,,72,1767.145868,281.25,,10.24444969
746,51335,71,,360.9166667,,71,1742.602175,277.34375,,4.274144945
747,51406,71,,360.9166667,,71,1742.602175,277.34375,,4.274144945
748,51477,71,,360.9166667,,71,1742.602175,277.34375,,4.274144945
749,51548,71,,360.9166667,,71,1742.602175,277.34375,,4.274144945
750,51619,71,,360.9166667,,71,1742.602175,277.34375,,4.274144945
751,51690,71,,360.9166667,,71,1742.602175,277.34375,,4.274144945
752,51761,71,,360.9166667,,71,1742.602175,277.34375,,4.274144945
753,51831,70,,355.8333333,,70,1718.058482,273.4375,,3.582275312
754,51902,71,,360.9166667,,71,1742.602175,277.34375,,4.274144945
755,51972,70,,355.8333333,,70,1718.058482,273.4375,,3.582275312
756,52043,71,,360.9166667,,71,1742.602175,277.34375,,4.274144945
757,52114,71,,360.9166667,,71,1742.602175,277.34375,,4.274144945
758,52184,70,,355.8333333,,70,1718.058482,273.4375,,3.582275312
759,52256,72,,366,,72,1767.145868,281.25,,10.24444969
760,52327,71,,360.9166667,,71,1742.602175,277.34375,,4.274144945
761,52398,71,,360.9166667,,71,1742.602175,277.34375,,4.274144945
762,52469,71,,360.9166667,,71,1742.602175,277.34375,,4.274144945
763,52540,71,,360.9166667,,71,1742.602175,277.34375,,4.274144945
764,52611,71,,360.9166667,,71,1742.602175,277.34375,,4.274144945
765,52682,71,,360.9166667,,71,1742.602175,277.34375,,4.274144945
766,52753,71,,360.9166667,,71,1742.602175,277.34375,,4.274144945
767,52823,70,,355.8333333,,70,1718.058482,273.4375,,3.582275312
768,52894,71,,360.9166667,,71,1742.602175,277.34375,,4.274144945
769,52964,70,,355.8333333,,70,1718.058482,273.4375,,3.582275312
770,53035,71,,360.9166667,,71,1742.602175,277.34375,,4.274144945
771,53106,71,,360.9166667,,71,1742.602175,277.34375,,4.274144945
772,53176,70,,355.8333333,,70,1718.058482,273.4375,,3.582275312
773,53247,71,,360.9166667,,71,1742.602175,277.34375,,4.274144945
774,53319,72,,366,,72,1767.145868,281.25,,10.24444969
775,53390,71,,360.9166667,,71,1742.602175,277.34375,,4.274144945
776,53461,71,,360.9166667,,71,1742.602175,277.34375,,4.274144945
777,53532,71,,360.9166667,,71,1742.602175,277.34375,,4.274144945
778,53603,71,,360.9166667,,71,1742.602175,277.34375,,4.274144945
779,53674,71,,360.9166667,,71,1742.602175,277.34375,,4.274144945
780,53745,71,,360.9166667,,71,1742.602175,277.34375,,4.274144945
781,53816,71,,360.9166667,,71,1742.602175,277.34375,,4.274144945
782,53886,70,,355.8333333,,70,1718.058482,273.4375,,3.582275312
783,53957,71,,360.9166667,,71,1742.602175,277.34375,,4.274144945
784,54028,71,,360.9166667,,71,1742.602175,277.34375,,4.274144945
785,54098,70,,355.8333333,,70,1718.058482,273.4375,,3.582275312
786,54169,71,,360.9166667,,71,1742.602175,277.34375,,4.274144945
787,54240,71,,360.9166667,,71,1742.602175,277.34375,,4.274144945
788,54311,71,,360.9166667,,71,1742.602175,277.34375,,4.274144945
789,54382,71,,360.9166667,,71,1742.602175,277.34375,,4.274144945
790,54454,72,,366,,72,1767.145868,281.25,,10.24444969
791,54525,71,,360.9166667,,71,1742.602175,277.34375,,4.274144945
792,54596,71,,360.9166667,,71,1742.602175,277.34375,,4.274144945
793,54667,71,,360.9166667,,71,1742.602175,277.34375,,4.274144945
794,54738,71,,360.9166667,,71,1742.602175,277.34375,,4.274144945
795,54809,71,,360.9166667,,71,1742.602175,277.34375,,4.274144945
796,54880,71,,360.9166667,,71,1742.602175,277.34375,,4.274144945
797,54950,70,,355.8333333,,70,1718.058482,273.4375,,3.582275312
798,55021,71,,360.9166667,,71,1742.602175,277.34375,,4.274144945
799,55091,70,,355.8333333,,70,1718.058482,273.4375,,3.582275312
800,55162,71,,360.9166667,,71,1742.602175,277.34375,,4.274144945
801,55233,71,,360.9166667,,71,1742.602175,277.34375,,4.274144945
802,55304,71,,360.9166667,,71,1742.602175,277.34375,,4.274144945
803,55375,71,,360.9166667,,71,1742.602175,277.34375,,4.274144945
804,55447,72,,366,,72,1767.145868,281.25,,10.24444969
805,55518,71,,360.9166667,,71,1742.602175,277.34375,,4.274144945
806,55589,71,,360.9166667,,71,1742.602175,277.34375,,4.274144945
807,55660,71,,360.9166667,,71,1742.602175,277.34375,,4.274144945
808,55731,71,,360.9166667,,71,1742.602175,277.34375,,4.274144945
809,55802,71,,360.9166667,,71,1742.602175,277.34375,,4.274144945
810,55873,71,,360.9166667,,71,1742.602175,277.34375,,4.274144945
811,55944,71,,360.9166667,,71,1742.602175,277.34375,,4.274144945
812,56015,71,,360.9166667,,71,1742.602175,277.34375,,4.274144945
813,56085,70,,355.8333333,,70,1718.058482,273.4375,,3.582275312
814,56156,71,,360.9166667,,71,1742.602175,277.34375,,4.274144945
815,56227,71,,360.9166667,,71,1742.602175,277.34375,,4.274144945
816,56297,70,,355.8333333,,70,1718.058482,273.4375,,3.582275312
817,56369,72,,366,,72,1767.145868,281.25,,10.24444969
818,56440,71,,360.9166667,,71,1742.602175,277.34375,,4.274144945
819,56511,71,,360.9166667,,71,1742.602175,277.34375,,4.274144945
820,56583,72,,366,,72,1767.145868,281.25,,10.24444969
821,56654,71,,360.9166667,,71,1742.602175,277.34375,,4.274144945
822,56724,70,,355.8333333,,70,1718.058482,273.4375,,3.582275312
823,56796,72,,366,,72,1767.145868,281.25,,10.24444969
824,56866,70,,355.8333333,,70,1718.058482,273.4375,,3.582275312
825,56937,71,,360.9166667,,71,1742.602175,277.34375,,4.274144945
826,57008,71,,360.9166667,,71,1742.602175,277.34375,,4.274144945
827,57079,71,,360.9166667,,71,1742.602175,277.34375,,4.274144945
828,57149,70,,355.8333333,,70,1718.058482,273.4375,,3.582275312
829,57220,71,,360.9166667,,71,1742.602175,277.34375,,4.274144945
830,57291,71,,360.9166667,,71,1742.602175,277.34375,,4.274144945
831,57362,71,,360.9166667,,71,1742.602175,277.34375,,4.274144945
832,57434,72,,366,,72,1767.145868,281.25,,10.24444969
833,57505,71,,360.9166667,,71,1742.602175,277.34375,,4.274144945
834,57576,71,,360.9166667,,71,1742.602175,277.34375,,4.274144945
835,57648,72,,366,,72,1767.145868,281.25,,10.24444969
836,57718,70,,355.8333333,,70,1718.058482,273.4375,,3.582275312
837,57789,71,,360.9166667,,71,1742.602175,277.34375,,4.274144945
838,57860,71,,360.9166667,,71,1742.602175,277.34375,,4.274144945
839,57931,71,,360.9166667,,71,1742.602175,277.34375,,4.274144945
840,58002,71,,360.9166667,,71,1742.602175,277.34375,,4.274144945
841,58073,71,,360.9166667,,71,1742.602175,277.34375,,4.274144945
842,58143,70,,355.8333333,,70,1718.058482,273.4375,,3.582275312
843,58214,71,,360.9166667,,71,1742.602175,277.34375,,4.274144945
844,58285,71,,360.9166667,,71,1742.602175,277.34375,,4.274144945
845,58356,71,,360.9166667,,71,1742.602175,277.34375,,4.274144945
846,58427,71,,360.9166667,,71,1742.602175,277.34375,,4.274144945
847,58498,71,,360.9166667,,71,1742.602175,277.34375,,4.274144945
848,58569,71,,360.9166667,,71,1742.602175,277.34375,,4.274144945
849,58641,72,,366,,72,1767.145868,281.25,,10.24444969
850,58712,71,,360.9166667,,71,1742.602175,277.34375,,4.274144945
851,58783,71,,360.9166667,,71,1742.602175,277.34375,,4.274144945
852,58853,70,,355.8333333,,70,1718.058482,273.4375,,3.582275312
853,58924,71,,360.9166667,,71,1742.602175,277.34375,,4.274144945
854,58995,71,,360.9166667,,71,1742.602175,277.34375,,4.274144945
855,59066,71,,360.9166667,,71,1742.602175,277.34375,,4.274144945
856,59136,70,,355.8333333,,70,1718.058482,273.4375,,3.582275312
857,59207,71,,360.9166667,,71,1742.602175,277.34375,,4.274144945
858,59277,70,,355.8333333,,70,1718.058482,273.4375,,3.582275312
859,59348,71,,360.9166667,,71,1742.602175,277.34375,,4.274144945
860,59419,71,,360.9166667,,71,1742.602175,277.34375,,4.274144945
861,59491,72,,366,,72,1767.145868,281.25,,10.24444969
862,59562,71,,360.9166667,,71,1742.602175,277.34375,,4.274144945
863,59633,71,,360.9166667,,71,1742.602175,277.34375,,4.274144945
864,59704,71,,360.9166667,,71,1742.602175,277.34375,,4.274144945
865,59775,71,,360.9166667,,71,1742.602175,277.34375,,4.274144945
866,59846,71,,360.9166667,,71,1742.602175,277.34375,,4.274144945
867,59916,70,,355.8333333,,70,1718.058482,273.4375,,3.582275312
868,59987,71,,360.9166667,,71,1742.602175,277.34375,,4.274144945
869,60058,71,,360.9166667,,71,1742.602175,277.34375,,4.274144945
870,60128,70,,355.8333333,,70,1718.058482,273.4375,,3.582275312
871,60199,71,,360.9166667,,71,1742.602175,277.34375,,4.274144945
872,60269,70,,355.8333333,,70,1718.058482,273.4375,,3.582275312
873,60340,71,,360.9166667,,71,1742.602175,277.34375,,4.274144945
874,60411,71,,360.9166667,,71,1742.602175,277.34375,,4.274144945
875,60482,71,,360.9166667,,71,1742.602175,277.34375,,4.274144945
876,60553,71,,360.9166667,,71,1742.602175,277.34375,,4.274144945
877,60624,71,,360.9166667,,71,1742.602175,277.34375,,4.274144945
878,60695,71,,360.9166667,,71,1742.602175,277.34375,,4.274144945
879,60766,71,,360.9166667,,71,1742.602175,277.34375,,4.274144945
880,60837,71,,360.9166667,,71,1742.602175,277.34375,,4.274144945
881,60908,71,,360.9166667,,71,1742.602175,277.34375,,4.274144945
882,60978,70,,355.8333333,,70,1718.058482,273.4375,,3.582275312
883,61049,71,,360.9166667,,71,1742.602175,277.34375,,4.274144945
884,61120,71,,360.9166667,,71,1742.602175,277.34375,,4.274144945
885,61190,70,,355.8333333,,70,1718.058482,273.4375,,3.582275312
886,61260,70,,355.8333333,,70,1718.058482,273.4375,,3.582275312
887,61331,71,,360.9166667,,71,1742.602175,277.34375,,4.274144945
888,61401,70,,355.8333333,,70,1718.058482,273.4375,,3.582275312
889,61473,72,,366,,72,1767.145868,281.25,,10.24444969
890,61544,71,,360.9166667,,71,1742.602175,277.34375,,4.274144945
891,61615,71,,360.9166667,,71,1742.602175,277.34375,,4.274144945
892,61686,71,,360.9166667,,71,1742.602175,277.34375,,4.274144945
893,61757,71,,360.9166667,,71,1742.602175,277.34375,,4.274144945
894,61828,71,,360.9166667,,71,1742.602175,277.34375,,4.274144945
895,61899,71,,360.9166667,,71,1742.602175,277.34375,,4.274144945
896,61969,70,,355.8333333,,70,1718.058482,273.4375,,3.582275312
897,62040,71,,360.9166667,,71,1742.602175,277.34375,,4.274144945
898,62111,71,,360.9166667,,71,1742.602175,277.34375,,4.274144945
899,62181,70,,355.8333333,,70,1718.058482,273.4375,,3.582275312
900,62252,71,,360.9166667,,71,1742.602175,277.34375,,4.274144945
901,62322,70,,355.8333333,,70,1718.058482,273.4375,,3.582275312
902,62393,71,,360.9166667,,71,1742.602175,277.34375,,4.274144945
903,62464,71,,360.9166667,,71,1742.602175,277.34375,,4.274144945
904,62535,71,,360.9166667,,71,1742.602175,277.34375,,4.274144945
905,62606,71,,360.9166667,,71,1742.602175,277.34375,,4.274144945
906,62677,71,,360.9166667,,71,1742.602175,277.34375,,4.274144945
907,62748,71,,360.9166667,,71,1742.602175,277.34375,,4.274144945
908,62819,71,,360.9166667,,71,1742.602175,277.34375,,4.274144945
909,62890,71,,360.9166667,,71,1742.602175,277.34375,,4.274144945
910,62961,71,,360.9166667,,71,1742.602175,277.34375,,4.274144945
911,63031,70,,355.8333333,,70,1718.058482,273.4375,,3.582275312
912,63102,71,,360.9166667,,71,1742.602175,277.34375,,4.274144945
913,63173,71,,360.9166667,,71,1742.602175,277.34375,,4.274144945
914,63243,70,,355.8333333,,70,1718.058482,273.4375,,3.582275312
915,63313,70,,355.8333333,,70,1718.058482,273.4375,,3.582275312
916,63384,71,,360.9166667,,71,1742.602175,277.34375,,4.274144945
917,63454,70,,355.8333333,,70,1718.058482,273.4375,,3.582275312
918,63525,71,,360.9166667,,71,1742.602175,277.34375,,4.274144945
919,63597,72,,366,,72,1767.145868,281.25,,10.24444969
920,63668,71,,360.9166667,,71,1742.602175,277.34375,,4.274144945
921,63739,71,,360.9166667,,71,1742.602175,277.34375,,4.274144945
922,63810,71,,360.9166667,,71,1742.602175,277.34375,,4.274144945
923,63881,71,,360.9166667,,71,1742.602175,277.34375,,4.274144945
924,63952,71,,360.9166667,,71,1742.602175,277.34375,,4.274144945
925,64022,70,,355.8333333,,70,1718.058482,273.4375,,3.582275312
926,64093,71,,360.9166667,,71,1742.602175,277.34375,,4.274144945
927,64164,71,,360.9166667,,71,1742.602175,277.34375,,4.274144945
928,64234,70,,355.8333333,,70,1718.058482,273.4375,,3.582275312
929,64304,70,,355.8333333,,70,1718.058482,273.4375,,3.582275312
930,64375,71,,360.9166667,,71,1742.602175,277.34375,,4.274144945
931,64446,71,,360.9166667,,71,1742.602175,277.34375,,4.274144945
932,64516,70,,355.8333333,,70,1718.058482,273.4375,,3.582275312
933,64588,72,,366,,72,1767.145868,281.25,,10.24444969
934,64659,71,,360.9166667,,71,1742.602175,277.34375,,4.274144945
935,64730,71,,360.9166667,,71,1742.602175,277.34375,,4.274144945
936,64801,71,,360.9166667,,71,1742.602175,277.34375,,4.274144945
937,64872,71,,360.9166667,,71,1742.602175,277.34375,,4.274144945
938,64942,70,,355.8333333,,70,1718.058482,273.4375,,3.582275312
939,65013,71,,360.9166667,,71,1742.602175,277.34375,,4.274144945
940,65084,71,,360.9166667,,71,1742.602175,277.34375,,4.274144945
941,65155,71,,360.9166667,,71,1742.602175,277.34375,,4.274144945
942,65225,70,,355.8333333,,70,1718.058482,273.4375,,3.582275312
943,65295,70,,355.8333333,,70,1718.058482,273.4375,,3.582275312
944,65366,71,,360.9166667,,71,1742.602175,277.34375,,4.274144945
945,65436,70,,355.8333333,,70,1718.058482,273.4375,,3.582275312
946,65507,71,,360.9166667,,71,1742.602175,277.34375,,4.274144945
947,65578,71,,360.9166667,,71,1742.602175,277.34375,,4.274144945
948,65650,72,,366,,72,1767.145868,281.25,,10.24444969
949,65721,71,,360.9166667,,71,1742.602175,277.34375,,4.274144945
950,65792,71,,360.9166667,,71,1742.602175,277.34375,,4.274144945
951,65863,71,,360.9166667,,71,1742.602175,277.34375,,4.274144945
952,65933,70,,355.8333333,,70,1718.058482,273.4375,,3.582275312
953,66004,71,,360.9166667,,71,1742.602175,277.34375,,4.274144945
954,66075,71,,360.9166667,,71,1742.602175,277.34375,,4.274144945
955,66146,71,,360.9166667,,71,1742.602175,277.34375,,4.274144945
956,66216,70,,355.8333333,,70,1718.058482,273.4375,,3.582275312
957,66287,71,,360.9166667,,71,1742.602175,277.34375,,4.274144945
958,66357,70,,355.8333333,,70,1718.058482,273.4375,,3.582275312
959,66428,71,,360.9166667,,71,1742.602175,277.34375,,4.274144945
960,66499,71,,360.9166667,,71,1742.602175,277.34375,,4.274144945
961,66569,70,,355.8333333,,70,1718.058482,273.4375,,3.582275312
962,66641,72,,366,,72,1767.145868,281.25,,10.24444969
963,66712,71,,360.9166667,,71,1742.602175,277.34375,,4.274144945
964,66783,71,,360.9166667,,71,1742.602175,277.34375,,4.274144945
965,66854,71,,360.9166667,,71,1742.602175,277.34375,,4.274144945
966,66925,71,,360.9166667,,71,1742.602175,277.34375,,4.274144945
967,66996,71,,360.9166667,,71,1742.602175,277.34375,,4.274144945
968,67067,71,,360.9166667,,71,1742.602175,277.34375,,4.274144945
969,67137,70,,355.8333333,,70,1718.058482,273.4375,,3.582275312
970,67208,71,,360.9166667,,71,1742.602175,277.34375,,4.274144945
971,67279,71,,360.9166667,,71,1742.602175,277.34375,,4.274144945
972,67349,70,,355.8333333,,70,1718.058482,273.4375,,3.582275312
973,67420,71,,360.9166667,,71,1742.602175,277.34375,,4.274144945
974,67490,70,,355.8333333,,70,1718.058482,273.4375,,3.582275312
975,67561,71,,360.9166667,,71,1742.602175,277.34375,,4.274144945
976,67632,71,,360.9166667,,71,1742.602175,277.34375,,4.274144945
977,67704,72,,366,,72,1767.145868,281.25,,10.24444969
978,67775,71,,360.9166667,,71,1742.602175,277.34375,,4.274144945
979,67846,71,,360.9166667,,71,1742.602175,277.34375,,4.274144945
980,67917,71,,360.9166667,,71,1742.602175,277.34375,,4.274144945
981,67987,70,,355.8333333,,70,1718.058482,273.4375,,3.582275312
982,68058,71,,360.9166667,,71,1742.602175,277.34375,,4.274144945
983,68129,71,,360.9166667,,71,1742.602175,277.34375,,4.274144945
984,68200,71,,360.9166667,,71,1742.602175,277.34375,,4.274144945
985,68270,70,,355.8333333,,70,1718.058482,273.4375,,3.582275312
986,68340,70,,355.8333333,,70,1718.058482,273.4375,,3.582275312
987,68411,71,,360.9166667,,71,1742.602175,277.34375,,4.274144945
988,68481,70,,355.8333333,,70,1718.058482,273.4375,,3.582275312
989,68552,71,,360.9166667,,71,1742.602175,277.34375,,4.274144945
990,68623,71,,360.9166667,,71,1742.602175,277.34375,,4.274144945
991,68694,71,,360.9166667,,71,1742.602175,277.34375,,4.274144945
992,68765,71,,360.9166667,,71,1742.602175,277.34375,,4.274144945
993,68836,71,,360.9166667,,71,1742.602175,277.34375,,4.274144945
994,68907,71,,360.9166667,,71,1742.602175,277.34375,,4.274144945
995,68978,71,,360.9166667,,71,1742.602175,277.34375,,4.274144945
996,69048,70,,355.8333333,,70,1718.058482,273.4375,,3.582275312
997,69119,71,,360.9166667,,71,1742.602175,277.34375,,4.274144945
998,69190,71,,360.9166667,,71,1742.602175,277.34375,,4.274144945